factor,min,max,mean
low_slope,0.000000,1.000000,0.395711
nightlight,0.000000,1.000000,0.034283
road_closeness,0.000000,1.000000,0.342909
water_closeness,0.000000,1.000000,0.135155
